,grid_res,error_train_u,error_train_v,error_test_u,error_test_v,loss,time,type
0,10,1.5935800019276802,1.0012058640809907,1.5935800019276802,1.0012058640809907,51.926979064941406,76.43588709831238,LV_lam
